Loan_ID,Female,Married,Dependents,Education,Self-Employed,ApplicantIncome,CoapplicantIncome,LoanAmount,Loan_Amount_Term,Credit_History,Property_Area,Loan-status
LP001002,Male,0,0,Graduate,0,5849.00,0.00,454.00,360,1,Urban,1
LP001003,Male,1,1,Graduate,0,4583.00,1508.00,128.00,360,1,Rural,0
LP001005,Male,1,0,Graduate,1,3000.00,0.00,66.00,360,1,Urban,1
LP001006,Male,1,0,Not Graduate,0,2583.00,2358.00,120.00,360,1,Urban,1
LP001008,Male,0,0,Graduate,0,6000.00,0.00,141.00,360,1,Urban,1
LP001011,Male,1,2,Graduate,1,5417.00,4196.00,267.00,360,1,Urban,1
LP001013,Male,1,0,Not Graduate,0,2333.00,1516.00,95.00,360,1,Urban,1
LP001014,Male,1,3,Graduate,0,3036.00,2504.00,158.00,360,0,Semiurban,0
LP001018,Male,1,2,Graduate,0,4006.00,1526.00,168.00,360,1,Urban,1
LP001020,Male,1,1,Graduate,0,12841.00,10968.00,349.00,360,1,Semiurban,0
LP001024,Male,1,2,Graduate,0,3200.00,700.00,70.00,360,1,Urban,1
LP001027,Male,1,2,Graduate,1,2500.00,1840.00,109.00,360,1,Urban,1
LP001028,Male,1,2,Graduate,0,3073.00,8106.00,200.00,360,1,Urban,1
LP001029,Male,0,0,Graduate,0,1853.00,2840.00,114.00,360,1,Rural,0
LP001030,Male,1,2,Graduate,0,1299.00,1086.00,17.00,120,1,Urban,1
LP001032,Male,0,0,Graduate,0,4950.00,0.00,125.00,360,1,Urban,1
LP001034,Male,0,1,Not Graduate,0,3596.00,0.00,100.00,240,1,Urban,1
LP001036,Female,0,0,Graduate,0,3510.00,0.00,76.00,360,0,Urban,0
LP001038,Male,1,0,Not Graduate,0,4887.00,0.00,133.00,360,1,Rural,0
LP001041,Male,1,0,Graduate,1,2600.00,3500.00,115.00,180,1,Urban,1
LP001043,Male,1,0,Not Graduate,0,7660.00,0.00,104.00,360,0,Urban,0
LP001046,Male,1,1,Graduate,0,5955.00,5625.00,315.00,360,1,Urban,1
LP001047,Male,1,0,Not Graduate,0,2600.00,1911.00,116.00,360,0,Semiurban,0
LP001050,Female,1,2,Not Graduate,0,3365.00,1917.00,112.00,360,0,Rural,0
LP001052,Male,1,1,Graduate,1,3717.00,2925.00,151.00,360,1,Semiurban,0
LP001066,Male,1,0,Graduate,1,9560.00,0.00,191.00,360,1,Semiurban,1
LP001068,Male,1,0,Graduate,0,2799.00,2253.00,122.00,360,1,Semiurban,1
LP001073,Male,1,2,Not Graduate,0,4226.00,1040.00,110.00,360,1,Urban,1
LP001086,Male,0,0,Not Graduate,0,1442.00,0.00,35.00,360,1,Urban,0
LP001087,Female,0,2,Graduate,0,3750.00,2083.00,120.00,360,1,Semiurban,1
LP001091,Male,1,1,Graduate,1,4166.00,3369.00,201.00,360,1,Urban,0
LP001095,Male,0,0,Graduate,0,3167.00,0.00,74.00,360,1,Urban,0
LP001097,Male,0,1,Graduate,1,4692.00,0.00,106.00,360,1,Rural,0
LP001098,Male,1,0,Graduate,0,3500.00,1667.00,114.00,360,1,Semiurban,1
LP001100,Male,0,3,Graduate,0,12500.00,3000.00,320.00,360,1,Rural,0
LP001106,Male,1,0,Graduate,0,2275.00,2067.00,245.00,360,1,Urban,1
LP001109,Male,1,0,Graduate,0,1828.00,1330.00,100.00,180,0,Urban,0
LP001112,Female,1,0,Graduate,0,3667.00,1459.00,144.00,360,1,Semiurban,1
LP001114,Male,0,0,Graduate,0,4166.00,7210.00,184.00,360,1,Urban,1
LP001116,Male,0,0,Not Graduate,0,3748.00,1668.00,110.00,360,1,Semiurban,1
LP001119,Male,0,0,Graduate,0,3600.00,0.00,80.00,360,1,Urban,0
LP001120,Male,0,0,Graduate,0,1800.00,1213.00,47.00,360,1,Urban,1
LP001123,Male,1,0,Graduate,0,2400.00,0.00,75.00,360,1,Urban,1
LP001131,Male,1,0,Graduate,0,3941.00,2336.00,134.00,360,1,Semiurban,1
LP001136,Male,1,0,Not Graduate,1,4695.00,0.00,96.00,180,1,Urban,1
LP001137,Female,0,0,Graduate,0,3410.00,0.00,88.00,180,1,Urban,1
LP001138,Male,1,1,Graduate,0,5649.00,0.00,44.00,360,1,Urban,1
LP001144,Male,1,0,Graduate,0,5821.00,0.00,144.00,360,1,Urban,1
LP001146,Female,1,0,Graduate,0,2645.00,3440.00,120.00,360,0,Urban,0
LP001151,Female,0,0,Graduate,0,4000.00,2275.00,144.00,360,1,Semiurban,1
LP001155,Female,1,0,Not Graduate,0,1928.00,1644.00,100.00,360,1,Semiurban,1
LP001157,Female,0,0,Graduate,0,3086.00,0.00,120.00,360,1,Semiurban,1
LP001164,Female,0,0,Graduate,0,4230.00,0.00,112.00,360,1,Semiurban,0
LP001179,Male,1,2,Graduate,0,4616.00,0.00,134.00,360,1,Urban,0
LP001186,Female,1,1,Graduate,1,11500.00,0.00,286.00,360,0,Urban,0
LP001194,Male,1,2,Graduate,0,2708.00,1167.00,97.00,360,1,Semiurban,1
LP001195,Male,1,0,Graduate,0,2132.00,1591.00,96.00,360,1,Semiurban,1
LP001197,Male,1,0,Graduate,0,3366.00,2200.00,135.00,360,1,Rural,0
LP001198,Male,1,1,Graduate,0,8080.00,2250.00,180.00,360,1,Urban,1
LP001199,Male,1,2,Not Graduate,0,3357.00,2859.00,144.00,360,1,Urban,1
LP001205,Male,1,0,Graduate,0,2500.00,3796.00,120.00,360,1,Urban,1
LP001206,Male,1,3,Graduate,0,3029.00,0.00,99.00,360,1,Urban,1
LP001207,Male,1,0,Not Graduate,1,2609.00,3449.00,165.00,180,0,Rural,0
LP001213,Male,1,1,Graduate,0,4945.00,0.00,167.00,360,0,Rural,0
LP001222,Female,0,0,Graduate,0,4166.00,0.00,116.00,360,0,Semiurban,0
LP001225,Male,1,0,Graduate,0,5726.00,4595.00,258.00,360,1,Semiurban,0
LP001228,Male,0,0,Not Graduate,0,3200.00,2254.00,126.00,180,0,Urban,0
LP001233,Male,1,1,Graduate,0,10750.00,0.00,312.00,360,1,Urban,1
LP001238,Male,1,3,Not Graduate,1,7100.00,0.00,125.00,60,1,Urban,1
LP001241,Female,0,0,Graduate,0,4300.00,0.00,136.00,360,0,Semiurban,0
LP001243,Male,1,0,Graduate,0,3208.00,3066.00,172.00,360,1,Urban,1
LP001245,Male,1,2,Not Graduate,1,1875.00,1875.00,97.00,360,1,Semiurban,1
LP001248,Male,0,0,Graduate,0,3500.00,0.00,81.00,300,1,Semiurban,1
LP001250,Male,1,3,Not Graduate,0,4755.00,0.00,95.00,60,0,Semiurban,0
LP001253,Male,1,3,Graduate,1,5266.00,1774.00,187.00,360,1,Semiurban,1
LP001255,Male,0,0,Graduate,0,3750.00,0.00,113.00,480,1,Urban,0
LP001256,Male,0,0,Graduate,0,3750.00,4750.00,176.00,360,1,Urban,0
LP001259,Male,1,1,Graduate,1,1000.00,3022.00,110.00,360,1,Urban,0
LP001263,Male,1,3,Graduate,0,3167.00,4000.00,180.00,300,0,Semiurban,0
LP001264,Male,1,3,Not Graduate,1,3333.00,2166.00,130.00,360,0,Semiurban,1
LP001265,Female,0,0,Graduate,0,3846.00,0.00,111.00,360,1,Semiurban,1
LP001266,Male,1,1,Graduate,1,2395.00,0.00,156.00,360,1,Semiurban,1
LP001267,Female,1,2,Graduate,0,1378.00,1881.00,167.00,360,1,Urban,0
LP001273,Male,1,0,Graduate,0,6000.00,2250.00,265.00,360,1,Semiurban,0
LP001275,Male,1,1,Graduate,0,3988.00,0.00,50.00,240,1,Urban,1
LP001279,Male,0,0,Graduate,0,2366.00,2531.00,136.00,360,1,Semiurban,1
LP001280,Male,1,2,Not Graduate,0,3333.00,2000.00,99.00,360,0,Semiurban,1
LP001282,Male,1,0,Graduate,0,2500.00,2118.00,104.00,360,1,Semiurban,1
LP001289,Male,0,0,Graduate,0,8566.00,0.00,210.00,360,1,Urban,1
LP001310,Male,1,0,Graduate,0,5695.00,4167.00,175.00,360,1,Semiurban,1
LP001316,Male,1,0,Graduate,0,2958.00,2900.00,131.00,360,1,Semiurban,1
LP001318,Male,1,2,Graduate,0,6250.00,5654.00,188.00,180,1,Semiurban,1
LP001319,Male,1,2,Not Graduate,0,3273.00,1820.00,81.00,360,1,Urban,1
LP001322,Male,0,0,Graduate,0,4133.00,0.00,122.00,360,1,Semiurban,1
LP001325,Male,0,0,Not Graduate,0,3620.00,0.00,25.00,120,1,Semiurban,1
LP001326,Male,0,0,Graduate,1,6782.00,0.00,102.00,360,1,Urban,0
LP001327,Female,1,0,Graduate,0,2484.00,2302.00,137.00,360,1,Semiurban,1
LP001333,Male,1,0,Graduate,0,1977.00,997.00,50.00,360,1,Semiurban,1
LP001334,Male,1,0,Not Graduate,0,4188.00,0.00,115.00,180,1,Semiurban,1
LP001343,Male,1,0,Graduate,0,1759.00,3541.00,131.00,360,1,Semiurban,1
LP001345,Male,1,2,Not Graduate,0,4288.00,3263.00,133.00,180,1,Urban,1
LP001349,Male,0,0,Graduate,0,4843.00,3806.00,151.00,360,1,Semiurban,1
LP001350,Male,1,2,Graduate,0,13650.00,0.00,145.00,360,1,Urban,1
LP001356,Male,1,0,Graduate,0,4652.00,3583.00,167.00,360,1,Semiurban,1
LP001357,Male,0,2,Graduate,0,3816.00,754.00,160.00,360,1,Urban,1
LP001367,Male,1,1,Graduate,0,3052.00,1030.00,100.00,360,1,Urban,1
LP001369,Male,1,2,Graduate,0,11417.00,1126.00,225.00,360,1,Urban,1
LP001370,Male,0,0,Not Graduate,1,7333.00,0.00,120.00,360,1,Rural,0
LP001379,Male,1,2,Graduate,0,3800.00,3600.00,216.00,360,0,Urban,0
LP001384,Male,1,3,Not Graduate,0,2071.00,754.00,94.00,480,1,Semiurban,1
LP001385,Male,0,0,Graduate,0,5316.00,0.00,136.00,360,1,Urban,1
LP001387,Female,1,0,Graduate,1,2929.00,2333.00,139.00,360,1,Semiurban,1
LP001391,Male,1,0,Not Graduate,0,3572.00,4114.00,152.00,80,0,Rural,0
LP001392,Female,0,1,Graduate,1,7451.00,0.00,167.00,360,1,Semiurban,1
LP001398,Male,0,0,Graduate,1,5050.00,0.00,118.00,360,1,Semiurban,1
LP001401,Male,1,1,Graduate,0,14583.00,0.00,185.00,180,1,Rural,1
LP001404,Female,1,0,Graduate,0,3167.00,2283.00,154.00,360,1,Semiurban,1
LP001405,Male,1,1,Graduate,0,2214.00,1398.00,85.00,360,1,Urban,1
LP001421,Male,1,0,Graduate,0,5568.00,2142.00,175.00,360,1,Rural,0
LP001422,Female,0,0,Graduate,0,10408.00,0.00,259.00,360,1,Urban,1
LP001426,Male,1,0,Graduate,0,5667.00,2667.00,180.00,360,1,Rural,1
LP001430,Female,0,0,Graduate,0,4166.00,0.00,44.00,360,1,Semiurban,1
LP001431,Female,0,0,Graduate,0,2137.00,8980.00,137.00,360,0,Semiurban,1
LP001432,Male,1,2,Graduate,0,2957.00,0.00,81.00,360,1,Semiurban,1
LP001439,Male,1,0,Not Graduate,0,4300.00,2014.00,194.00,360,1,Rural,1
LP001443,Female,0,0,Graduate,0,3692.00,0.00,93.00,360,0,Rural,1
LP001448,Female,1,3,Graduate,0,23803.00,0.00,370.00,360,1,Rural,1
LP001449,Male,0,0,Graduate,0,3865.00,1640.00,267.00,360,1,Rural,1
LP001451,Male,1,1,Graduate,1,10513.00,3850.00,160.00,180,0,Urban,0
LP001465,Male,1,0,Graduate,0,6080.00,2569.00,182.00,360,1,Rural,0
LP001469,Male,0,0,Graduate,1,20166.00,0.00,650.00,480,1,Urban,1
LP001473,Male,0,0,Graduate,0,2014.00,1929.00,74.00,360,1,Urban,1
LP001478,Male,0,0,Graduate,0,2718.00,0.00,70.00,360,1,Semiurban,1
LP001482,Male,1,0,Graduate,1,3459.00,0.00,25.00,120,1,Semiurban,1
LP001487,Male,0,0,Graduate,0,4895.00,0.00,102.00,360,1,Semiurban,1
LP001488,Male,1,3,Graduate,0,4000.00,7750.00,290.00,360,1,Semiurban,0
LP001489,Female,1,0,Graduate,0,4583.00,0.00,84.00,360,1,Rural,0
LP001491,Male,1,2,Graduate,1,3316.00,3500.00,88.00,360,1,Urban,1
LP001492,Male,0,0,Graduate,0,14999.00,0.00,242.00,360,0,Semiurban,0
LP001493,Male,1,2,Not Graduate,0,4200.00,1430.00,129.00,360,1,Rural,0
LP001497,Male,1,2,Graduate,0,5042.00,2083.00,185.00,360,1,Rural,0
LP001498,Male,0,0,Graduate,0,5417.00,0.00,168.00,360,1,Urban,1
LP001504,Male,0,0,Graduate,1,6950.00,0.00,175.00,180,1,Semiurban,1
LP001507,Male,1,0,Graduate,0,2698.00,2034.00,122.00,360,1,Semiurban,1
LP001508,Male,1,2,Graduate,0,11757.00,0.00,187.00,180,1,Urban,1
LP001514,Female,1,0,Graduate,0,2330.00,4486.00,100.00,360,1,Semiurban,1
LP001516,Female,1,2,Graduate,0,14866.00,0.00,70.00,360,1,Urban,1
LP001518,Male,1,1,Graduate,0,1538.00,1425.00,30.00,360,1,Urban,1
LP001519,Female,0,0,Graduate,0,10000.00,1666.00,225.00,360,1,Rural,0
LP001520,Male,1,0,Graduate,0,4860.00,830.00,125.00,360,1,Semiurban,1
LP001528,Male,0,0,Graduate,0,6277.00,0.00,118.00,360,0,Rural,0
LP001529,Male,1,0,Graduate,1,2577.00,3750.00,152.00,360,1,Rural,1
LP001531,Male,0,0,Graduate,0,9166.00,0.00,244.00,360,1,Urban,0
LP001532,Male,1,2,Not Graduate,0,2281.00,0.00,113.00,360,1,Rural,0
LP001535,Male,0,0,Graduate,0,3254.00,0.00,50.00,360,1,Urban,1
LP001536,Male,1,3,Graduate,0,39999.00,0.00,600.00,180,0,Semiurban,1
LP001541,Male,1,1,Graduate,0,6000.00,0.00,160.00,360,0,Rural,1
LP001543,Male,1,1,Graduate,0,9538.00,0.00,187.00,360,1,Urban,1
LP001546,Male,0,0,Graduate,1,2980.00,2083.00,120.00,360,1,Rural,1
LP001552,Male,1,0,Graduate,0,4583.00,5625.00,255.00,360,1,Semiurban,1
LP001560,Male,1,0,Not Graduate,0,1863.00,1041.00,98.00,360,1,Semiurban,1
LP001562,Male,1,0,Graduate,0,7933.00,0.00,275.00,360,1,Urban,0
LP001565,Male,1,1,Graduate,0,3089.00,1280.00,121.00,360,0,Semiurban,0
LP001570,Male,1,2,Graduate,0,4167.00,1447.00,158.00,360,1,Rural,1
LP001572,Male,1,0,Graduate,0,9323.00,0.00,75.00,180,1,Urban,1
LP001574,Male,1,0,Graduate,0,3707.00,3166.00,182.00,90,1,Rural,1
LP001577,Female,1,0,Graduate,0,4583.00,0.00,112.00,360,1,Rural,0
LP001578,Male,1,0,Graduate,0,2439.00,3333.00,129.00,360,1,Rural,1
LP001579,Male,0,0,Graduate,0,2237.00,0.00,63.00,480,0,Semiurban,0
LP001580,Male,1,2,Graduate,0,8000.00,0.00,200.00,360,1,Semiurban,1
LP001581,Male,1,0,Not Graduate,1,1820.00,1769.00,95.00,360,1,Rural,1
LP001585,Female,1,3,Graduate,0,51763.00,0.00,700.00,300,1,Urban,1
LP001586,Male,1,3,Not Graduate,0,3522.00,0.00,81.00,180,1,Rural,0
LP001594,Male,1,0,Graduate,0,5708.00,5625.00,187.00,360,1,Semiurban,1
LP001603,Male,1,0,Not Graduate,1,4344.00,736.00,87.00,360,1,Semiurban,0
LP001606,Male,1,0,Graduate,0,3497.00,1964.00,116.00,360,1,Rural,1
LP001608,Male,1,2,Graduate,0,2045.00,1619.00,101.00,360,1,Rural,1
LP001610,Male,1,3,Graduate,0,5516.00,11300.00,495.00,360,0,Semiurban,0
LP001616,Male,1,1,Graduate,0,3750.00,0.00,116.00,360,1,Semiurban,1
LP001630,Male,0,0,Not Graduate,0,2333.00,1451.00,102.00,480,0,Urban,0
LP001633,Male,1,1,Graduate,0,6400.00,7250.00,180.00,360,0,Urban,0
LP001634,Male,0,0,Graduate,0,1916.00,5063.00,67.00,360,1,Rural,0
LP001636,Male,1,0,Graduate,0,4600.00,0.00,73.00,180,1,Semiurban,1
LP001637,Male,1,1,Graduate,0,33846.00,0.00,260.00,360,1,Semiurban,0
LP001639,Female,1,0,Graduate,0,3625.00,0.00,108.00,360,1,Semiurban,1
LP001640,Male,1,0,Graduate,1,39147.00,4750.00,120.00,360,1,Semiurban,1
LP001641,Male,1,1,Graduate,1,2178.00,0.00,66.00,300,0,Rural,0
LP001643,Male,1,0,Graduate,0,2383.00,2138.00,58.00,360,1,Rural,1
LP001644,Female,1,0,Graduate,1,674.00,5296.00,168.00,360,1,Rural,1
LP001647,Male,1,0,Graduate,0,9328.00,0.00,188.00,180,1,Rural,1
LP001653,Male,0,0,Not Graduate,0,4885.00,0.00,48.00,360,1,Rural,1
LP001656,Male,0,0,Graduate,0,12000.00,0.00,164.00,360,1,Semiurban,0
LP001657,Male,1,0,Not Graduate,0,6033.00,0.00,160.00,360,1,Urban,0
LP001658,Male,0,0,Graduate,0,3858.00,0.00,76.00,360,1,Semiurban,1
LP001664,Male,0,0,Graduate,0,4191.00,0.00,120.00,360,1,Rural,1
LP001665,Male,1,1,Graduate,0,3125.00,2583.00,170.00,360,1,Semiurban,0
LP001666,Male,0,0,Graduate,0,8333.00,3750.00,187.00,360,1,Rural,1
LP001669,Female,0,0,Not Graduate,0,1907.00,2365.00,120.00,180,1,Urban,1
LP001671,Female,1,0,Graduate,0,3416.00,2816.00,113.00,360,0,Semiurban,1
LP001673,Male,0,0,Graduate,1,11000.00,0.00,83.00,360,1,Urban,0
LP001674,Male,1,1,Not Graduate,0,2600.00,2500.00,90.00,360,1,Semiurban,1
LP001677,Male,0,2,Graduate,0,4923.00,0.00,166.00,360,0,Semiurban,1
LP001682,Male,1,3,Not Graduate,0,3992.00,0.00,165.00,180,1,Urban,0
LP001688,Male,1,1,Not Graduate,0,3500.00,1083.00,135.00,360,1,Urban,1
LP001691,Male,1,2,Not Graduate,0,3917.00,0.00,124.00,360,1,Semiurban,1
LP001692,Female,0,0,Not Graduate,0,4408.00,0.00,120.00,360,1,Semiurban,1
LP001693,Female,0,0,Graduate,0,3244.00,0.00,80.00,360,1,Urban,1
LP001698,Male,0,0,Not Graduate,0,3975.00,2531.00,55.00,360,1,Rural,1
LP001699,Male,0,0,Graduate,0,2479.00,0.00,59.00,360,1,Urban,1
LP001702,Male,0,0,Graduate,0,3418.00,0.00,127.00,360,1,Semiurban,0
LP001708,Female,0,0,Graduate,0,10000.00,0.00,214.00,360,1,Semiurban,0
LP001711,Male,1,3,Graduate,0,3430.00,1250.00,128.00,360,0,Semiurban,0
LP001713,Male,1,1,Graduate,1,7787.00,0.00,240.00,360,1,Urban,1
LP001715,Male,1,3,Not Graduate,1,5703.00,0.00,130.00,360,1,Rural,1
LP001716,Male,1,0,Graduate,0,3173.00,3021.00,137.00,360,1,Urban,1
LP001720,Male,1,3,Not Graduate,0,3850.00,983.00,100.00,360,1,Semiurban,1
LP001722,Male,1,0,Graduate,0,150.00,1800.00,135.00,360,1,Rural,0
LP001726,Male,1,0,Graduate,0,3727.00,1775.00,131.00,360,1,Semiurban,1
LP001732,Male,1,2,Graduate,1,5000.00,0.00,72.00,360,0,Semiurban,0
LP001734,Female,1,2,Graduate,0,4283.00,2383.00,127.00,360,1,Semiurban,1
LP001736,Male,1,0,Graduate,0,2221.00,0.00,60.00,360,0,Urban,0
LP001743,Male,1,2,Graduate,0,4009.00,1717.00,116.00,360,1,Semiurban,1
LP001744,Male,0,0,Graduate,0,2971.00,2791.00,144.00,360,1,Semiurban,1
LP001749,Male,1,0,Graduate,0,7578.00,1010.00,175.00,180,1,Semiurban,1
LP001750,Male,1,0,Graduate,0,6250.00,0.00,128.00,360,1,Semiurban,1
LP001751,Male,1,0,Graduate,0,3250.00,0.00,170.00,360,1,Rural,0
LP001754,Male,1,2,Not Graduate,1,4735.00,0.00,138.00,360,1,Urban,0
LP001758,Male,1,2,Graduate,0,6250.00,1695.00,210.00,360,1,Semiurban,1
LP001760,Male,0,1,Graduate,0,4758.00,0.00,158.00,480,1,Semiurban,1
LP001761,Male,0,0,Graduate,1,6400.00,0.00,200.00,360,1,Rural,1
LP001765,Male,1,1,Graduate,0,2491.00,2054.00,104.00,360,1,Semiurban,1
LP001768,Male,1,0,Graduate,1,3716.00,0.00,42.00,180,1,Rural,1
LP001770,Male,0,0,Not Graduate,0,3189.00,2598.00,120.00,180,1,Rural,1
LP001776,Female,0,0,Graduate,0,8333.00,0.00,280.00,360,1,Semiurban,1
LP001778,Male,1,1,Graduate,0,3155.00,1779.00,140.00,360,1,Semiurban,1
LP001784,Male,1,1,Graduate,0,5500.00,1260.00,170.00,360,1,Rural,1
LP001786,Male,1,0,Graduate,1,5746.00,0.00,255.00,360,1,Urban,0
LP001788,Female,0,0,Graduate,1,3463.00,0.00,122.00,360,0,Urban,1
LP001790,Female,0,1,Graduate,0,3812.00,0.00,112.00,360,1,Rural,1
LP001792,Male,1,1,Graduate,0,3315.00,0.00,96.00,360,1,Semiurban,1
LP001798,Male,1,2,Graduate,0,5819.00,5000.00,120.00,360,1,Rural,1
LP001800,Male,1,1,Not Graduate,0,2510.00,1983.00,140.00,180,1,Urban,0
LP001806,Male,0,0,Graduate,0,2965.00,5701.00,155.00,60,1,Urban,1
LP001807,Male,1,2,Graduate,1,6250.00,1300.00,108.00,360,1,Rural,1
LP001811,Male,1,0,Not Graduate,0,3406.00,4417.00,123.00,360,1,Semiurban,1
LP001813,Male,0,0,Graduate,1,6050.00,4333.00,120.00,180,1,Urban,0
LP001814,Male,1,2,Graduate,0,9703.00,0.00,112.00,360,1,Urban,1
LP001819,Male,1,1,Not Graduate,0,6608.00,0.00,137.00,180,1,Urban,1
LP001824,Male,1,1,Graduate,0,2882.00,1843.00,123.00,480,1,Semiurban,1
LP001825,Male,1,0,Graduate,0,1809.00,1868.00,90.00,360,1,Urban,1
LP001835,Male,1,0,Not Graduate,0,1668.00,3890.00,201.00,360,0,Semiurban,0
LP001836,Female,0,2,Graduate,0,3427.00,0.00,138.00,360,1,Urban,0
LP001841,Male,0,0,Not Graduate,1,2583.00,2167.00,104.00,360,1,Rural,1
LP001843,Male,1,1,Not Graduate,0,2661.00,7101.00,279.00,180,1,Semiurban,1
LP001844,Male,0,0,Graduate,1,16250.00,0.00,192.00,360,0,Urban,0
LP001846,Female,0,3,Graduate,0,3083.00,0.00,255.00,360,1,Rural,1
LP001849,Male,0,0,Not Graduate,0,6045.00,0.00,115.00,360,0,Rural,0
LP001854,Male,1,3,Graduate,0,5250.00,0.00,94.00,360,1,Urban,0
LP001859,Male,1,0,Graduate,0,14683.00,2100.00,304.00,360,1,Rural,0
LP001864,Male,1,3,Not Graduate,0,4931.00,0.00,128.00,360,1,Semiurban,0
LP001865,Male,1,1,Graduate,0,6083.00,4250.00,330.00,360,0,Urban,1
LP001868,Male,0,0,Graduate,0,2060.00,2209.00,134.00,360,1,Semiurban,1
LP001870,Female,0,1,Graduate,0,3481.00,0.00,155.00,36,1,Semiurban,0
LP001871,Female,0,0,Graduate,0,7200.00,0.00,120.00,360,1,Rural,1
LP001872,Male,0,0,Graduate,1,5166.00,0.00,128.00,360,1,Semiurban,1
LP001875,Male,0,0,Graduate,0,4095.00,3447.00,151.00,360,1,Rural,1
LP001877,Male,1,2,Graduate,0,4708.00,1387.00,150.00,360,1,Semiurban,1
LP001882,Male,1,3,Graduate,0,4333.00,1811.00,160.00,360,0,Urban,1
LP001883,Female,0,0,Graduate,1,3418.00,0.00,135.00,360,1,Rural,0
LP001884,Female,0,1,Graduate,0,2876.00,1560.00,90.00,360,1,Urban,1
LP001888,Female,0,0,Graduate,0,3237.00,0.00,30.00,360,1,Urban,1
LP001891,Male,1,0,Graduate,0,11146.00,0.00,136.00,360,1,Urban,1
LP001892,Male,0,0,Graduate,0,2833.00,1857.00,126.00,360,1,Rural,1
LP001894,Male,1,0,Graduate,0,2620.00,2223.00,150.00,360,1,Semiurban,1
LP001896,Male,1,2,Graduate,0,3900.00,0.00,90.00,360,1,Semiurban,1
LP001900,Male,1,1,Graduate,0,2750.00,1842.00,115.00,360,1,Semiurban,1
LP001903,Male,1,0,Graduate,0,3993.00,3274.00,207.00,360,1,Semiurban,1
LP001904,Male,1,0,Graduate,0,3103.00,1300.00,80.00,360,1,Urban,1
LP001907,Male,1,0,Graduate,0,14583.00,0.00,436.00,360,1,Semiurban,1
LP001908,Female,1,0,Not Graduate,0,4100.00,0.00,124.00,360,0,Rural,1
LP001910,Male,0,1,Not Graduate,1,4053.00,2426.00,158.00,360,0,Urban,0
LP001914,Male,1,0,Graduate,0,3927.00,800.00,112.00,360,1,Semiurban,1
LP001915,Male,1,2,Graduate,0,2301.00,985.80,78.00,180,1,Urban,1
LP001917,Female,0,0,Graduate,0,1811.00,1666.00,54.00,360,1,Urban,1
LP001922,Male,1,0,Graduate,0,20667.00,0.00,167.00,360,1,Rural,0
LP001924,Male,0,0,Graduate,0,3158.00,3053.00,89.00,360,1,Rural,1
LP001925,Female,0,0,Graduate,1,2600.00,1717.00,99.00,300,1,Semiurban,0
LP001926,Male,1,0,Graduate,0,3704.00,2000.00,120.00,360,1,Rural,1
LP001931,Female,0,0,Graduate,0,4124.00,0.00,115.00,360,1,Semiurban,1
LP001935,Male,0,0,Graduate,0,9508.00,0.00,187.00,360,1,Rural,1
LP001936,Male,1,0,Graduate,0,3075.00,2416.00,139.00,360,1,Rural,1
LP001938,Male,1,2,Graduate,0,4400.00,0.00,127.00,360,0,Semiurban,0
LP001940,Male,1,2,Graduate,0,3153.00,1560.00,134.00,360,1,Urban,1
LP001945,Female,0,1,Graduate,0,5417.00,0.00,143.00,480,0,Urban,0
LP001947,Male,1,0,Graduate,0,2383.00,3334.00,172.00,360,1,Semiurban,1
LP001949,Male,1,3,Graduate,1,4416.00,1250.00,110.00,360,1,Urban,1
LP001953,Male,1,1,Graduate,0,6875.00,0.00,200.00,360,1,Semiurban,1
LP001954,Female,1,1,Graduate,0,4666.00,0.00,135.00,360,1,Urban,1
LP001955,Female,0,0,Graduate,0,5000.00,2541.00,151.00,480,1,Rural,0
LP001963,Male,1,1,Graduate,0,2014.00,2925.00,113.00,360,1,Urban,0
LP001964,Male,1,0,Not Graduate,0,1800.00,2934.00,93.00,360,0,Urban,0
LP001972,Male,1,1,Not Graduate,0,2875.00,1750.00,105.00,360,1,Semiurban,1
LP001974,Female,0,0,Graduate,0,5000.00,0.00,132.00,360,1,Rural,1
LP001977,Male,1,1,Graduate,0,1625.00,1803.00,96.00,360,1,Urban,1
LP001978,Male,0,0,Graduate,0,4000.00,2500.00,140.00,360,1,Rural,1
LP001990,Male,0,0,Not Graduate,0,2000.00,0.00,137.00,360,1,Urban,0
LP001993,Female,0,0,Graduate,0,3762.00,1666.00,135.00,360,1,Rural,1
LP001994,Female,0,0,Graduate,0,2400.00,1863.00,104.00,360,0,Urban,0
LP001996,Male,0,0,Graduate,0,20233.00,0.00,480.00,360,1,Rural,0
LP001998,Male,1,2,Not Graduate,0,7667.00,0.00,185.00,360,1,Rural,1
LP002002,Female,0,0,Graduate,0,2917.00,0.00,84.00,360,1,Semiurban,1
LP002004,Male,0,0,Not Graduate,0,2927.00,2405.00,111.00,360,1,Semiurban,1
LP002006,Female,0,0,Graduate,0,2507.00,0.00,56.00,360,1,Rural,1
LP002008,Male,1,2,Graduate,1,5746.00,0.00,144.00,84,1,Rural,1
LP002024,Female,1,0,Graduate,0,2473.00,1843.00,159.00,360,1,Rural,0
LP002031,Male,1,1,Not Graduate,0,3399.00,1640.00,111.00,180,1,Urban,1
LP002035,Male,1,2,Graduate,0,3717.00,0.00,120.00,360,1,Semiurban,1
LP002036,Male,1,0,Graduate,0,2058.00,2134.00,88.00,360,1,Urban,1
LP002043,Female,0,1,Graduate,0,3541.00,0.00,112.00,360,0,Semiurban,1
LP002050,Male,1,1,Graduate,1,10000.00,0.00,155.00,360,1,Rural,0
LP002051,Male,1,0,Graduate,0,2400.00,2167.00,115.00,360,1,Semiurban,1
LP002053,Male,1,3,Graduate,0,4342.00,189.00,124.00,360,1,Semiurban,1
LP002054,Male,1,2,Not Graduate,0,3601.00,1590.00,156.00,360,1,Rural,1
LP002055,Female,0,0,Graduate,0,3166.00,2985.00,132.00,360,1,Rural,1
LP002065,Male,1,3,Graduate,0,15000.00,0.00,300.00,360,1,Rural,1
LP002067,Male,1,1,Graduate,1,8666.00,4983.00,376.00,360,0,Rural,0
LP002068,Male,0,0,Graduate,0,4917.00,0.00,130.00,360,0,Rural,1
LP002082,Male,1,0,Graduate,1,5818.00,2160.00,184.00,360,1,Semiurban,1
LP002086,Female,1,0,Graduate,0,4333.00,2451.00,110.00,360,1,Urban,0
LP002087,Female,0,0,Graduate,0,2500.00,0.00,67.00,360,1,Urban,1
LP002097,Male,0,1,Graduate,0,4384.00,1793.00,117.00,360,1,Urban,1
LP002098,Male,0,0,Graduate,0,2935.00,0.00,98.00,360,1,Semiurban,1
LP002100,Male,0,1,Graduate,0,2833.00,0.00,71.00,360,1,Urban,1
LP002101,Male,1,0,Graduate,0,63337.00,0.00,490.00,180,1,Urban,1
LP002103,Female,1,1,Graduate,1,9833.00,1833.00,182.00,180,1,Urban,1
LP002106,Male,1,1,Graduate,1,5503.00,4490.00,70.00,360,1,Semiurban,1
LP002110,Male,1,1,Graduate,0,5250.00,688.00,160.00,360,1,Rural,1
LP002112,Male,1,2,Graduate,1,2500.00,4600.00,176.00,360,1,Rural,1
LP002113,Female,0,3,Not Graduate,0,1830.00,0.00,176.00,360,0,Urban,0
LP002114,Female,0,0,Graduate,0,4160.00,0.00,71.00,360,1,Semiurban,1
LP002115,Male,1,3,Not Graduate,0,2647.00,1587.00,173.00,360,1,Rural,0
LP002116,Female,0,0,Graduate,0,2378.00,0.00,46.00,360,1,Rural,0
LP002119,Male,1,1,Not Graduate,0,4554.00,1229.00,158.00,360,1,Urban,1
LP002126,Male,1,3,Not Graduate,0,3173.00,0.00,74.00,360,1,Semiurban,1
LP002128,Male,1,2,Graduate,1,2583.00,2330.00,125.00,360,1,Rural,1
LP002129,Male,1,0,Graduate,0,2499.00,2458.00,160.00,360,1,Semiurban,1
LP002130,Male,1,2,Not Graduate,0,3523.00,3230.00,152.00,360,0,Rural,0
LP002131,Male,1,2,Not Graduate,0,3083.00,2168.00,126.00,360,1,Urban,1
LP002137,Male,1,0,Graduate,0,6333.00,4583.00,259.00,360,0,Semiurban,1
LP002138,Male,1,0,Graduate,0,2625.00,6250.00,187.00,360,1,Rural,1
LP002139,Male,1,0,Graduate,0,9083.00,0.00,228.00,360,1,Semiurban,1
LP002140,Male,0,0,Graduate,0,8750.00,4167.00,308.00,360,1,Rural,0
LP002141,Male,1,3,Graduate,0,2666.00,2083.00,95.00,360,1,Rural,1
LP002142,Female,1,0,Graduate,1,5500.00,0.00,105.00,360,0,Rural,0
LP002143,Female,1,0,Graduate,0,2423.00,505.00,130.00,360,1,Semiurban,1
LP002144,Female,0,2,Graduate,0,3813.00,0.00,116.00,180,1,Urban,1
LP002149,Male,1,2,Graduate,0,8333.00,3167.00,165.00,360,1,Rural,1
LP002151,Male,1,1,Graduate,0,3875.00,0.00,67.00,360,1,Urban,0
LP002158,Male,1,0,Not Graduate,0,3000.00,1666.00,100.00,480,0,Urban,0
LP002160,Male,1,3,Graduate,0,5167.00,3167.00,200.00,360,1,Semiurban,1
LP002161,Female,0,1,Graduate,0,4723.00,0.00,81.00,360,1,Semiurban,0
LP002170,Male,1,2,Graduate,0,5000.00,3667.00,236.00,360,1,Semiurban,1
LP002175,Male,1,0,Graduate,0,4750.00,2333.00,130.00,360,1,Urban,1
LP002178,Male,1,0,Graduate,0,3013.00,3033.00,95.00,300,0,Urban,1
LP002180,Male,0,0,Graduate,1,6822.00,0.00,141.00,360,1,Rural,1
LP002181,Male,0,0,Not Graduate,0,6216.00,0.00,133.00,360,1,Rural,0
LP002187,Male,0,0,Graduate,0,2500.00,0.00,96.00,480,1,Semiurban,0
LP002188,Male,0,0,Graduate,0,5124.00,0.00,124.00,180,0,Rural,0
LP002190,Male,1,1,Graduate,0,6325.00,0.00,175.00,360,1,Semiurban,1
LP002191,Male,1,0,Graduate,0,19730.00,5266.00,570.00,360,1,Rural,0
LP002194,Female,0,0,Graduate,1,15759.00,0.00,55.00,360,1,Semiurban,1
LP002197,Male,1,2,Graduate,0,5185.00,0.00,155.00,360,1,Semiurban,1
LP002201,Male,1,2,Graduate,1,9323.00,7873.00,380.00,300,1,Rural,1
LP002205,Male,0,1,Graduate,0,3062.00,1987.00,111.00,180,0,Urban,0
LP002209,Female,0,0,Graduate,1,2764.00,1459.00,110.00,360,1,Urban,1
LP002211,Male,1,0,Graduate,0,4817.00,923.00,120.00,180,1,Urban,1
LP002219,Male,1,3,Graduate,0,8750.00,4996.00,130.00,360,1,Rural,1
LP002223,Male,1,0,Graduate,0,4310.00,0.00,130.00,360,0,Semiurban,1
LP002224,Male,0,0,Graduate,0,3069.00,0.00,71.00,480,1,Urban,0
LP002225,Male,1,2,Graduate,0,5391.00,0.00,130.00,360,1,Urban,1
LP002226,Male,1,0,Graduate,1,3333.00,2500.00,128.00,360,1,Semiurban,1
LP002229,Male,0,0,Graduate,0,5941.00,4232.00,296.00,360,1,Semiurban,1
LP002231,Female,0,0,Graduate,0,6000.00,0.00,156.00,360,1,Urban,1
LP002234,Male,0,0,Graduate,1,7167.00,0.00,128.00,360,1,Urban,1
LP002236,Male,1,2,Graduate,0,4566.00,0.00,100.00,360,1,Urban,0
LP002237,Male,0,1,Graduate,1,3667.00,0.00,113.00,180,1,Urban,1
LP002239,Male,0,0,Not Graduate,0,2346.00,1600.00,132.00,360,1,Semiurban,1
LP002243,Male,1,0,Not Graduate,0,3010.00,3136.00,678.00,360,0,Urban,0
LP002244,Male,1,0,Graduate,0,2333.00,2417.00,136.00,360,1,Urban,1
LP002250,Male,1,0,Graduate,0,5488.00,0.00,125.00,360,1,Rural,1
LP002255,Male,0,3,Graduate,0,9167.00,0.00,185.00,360,1,Rural,1
LP002262,Male,1,3,Graduate,0,9504.00,0.00,275.00,360,1,Rural,1
LP002263,Male,1,0,Graduate,0,2583.00,2115.00,120.00,360,1,Urban,1
LP002265,Male,1,2,Not Graduate,0,1993.00,1625.00,113.00,180,1,Semiurban,1
LP002266,Male,1,2,Graduate,0,3100.00,1400.00,113.00,360,1,Urban,1
LP002272,Male,1,2,Graduate,0,3276.00,484.00,135.00,360,0,Semiurban,1
LP002277,Female,0,0,Graduate,0,3180.00,0.00,71.00,360,0,Urban,0
LP002281,Male,1,0,Graduate,0,3033.00,1459.00,95.00,360,1,Urban,1
LP002284,Male,0,0,Not Graduate,0,3902.00,1666.00,109.00,360,1,Rural,1
LP002287,Female,0,0,Graduate,0,1500.00,1800.00,103.00,360,0,Semiurban,0
LP002288,Male,1,2,Not Graduate,0,2889.00,0.00,45.00,180,0,Urban,0
LP002296,Male,0,0,Not Graduate,0,2755.00,0.00,65.00,300,1,Rural,0
LP002297,Male,0,0,Graduate,0,2500.00,20000.00,103.00,360,1,Semiurban,1
LP002300,Female,0,0,Not Graduate,0,1963.00,0.00,53.00,360,1,Semiurban,1
LP002301,Female,0,0,Graduate,1,7441.00,0.00,194.00,360,1,Rural,0
LP002305,Female,0,0,Graduate,0,4547.00,0.00,115.00,360,1,Semiurban,1
LP002308,Male,1,0,Not Graduate,0,2167.00,2400.00,115.00,360,1,Urban,1
LP002314,Female,0,0,Not Graduate,0,2213.00,0.00,66.00,360,1,Rural,1
LP002315,Male,1,1,Graduate,0,8300.00,0.00,152.00,300,0,Semiurban,0
LP002317,Male,1,3,Graduate,0,81000.00,0.00,360.00,360,0,Rural,0
LP002318,Female,0,1,Not Graduate,1,3867.00,0.00,62.00,360,1,Semiurban,0
LP002319,Male,1,0,Graduate,1,6256.00,0.00,160.00,360,1,Urban,1
LP002328,Male,1,0,Not Graduate,0,6096.00,0.00,218.00,360,0,Rural,0
LP002332,Male,1,0,Not Graduate,0,2253.00,2033.00,110.00,360,1,Rural,1
LP002335,Female,1,0,Not Graduate,0,2149.00,3237.00,178.00,360,0,Semiurban,0
LP002337,Female,0,0,Graduate,0,2995.00,0.00,60.00,360,1,Urban,1
LP002341,Female,0,1,Graduate,0,2600.00,0.00,160.00,360,1,Urban,0
LP002342,Male,1,2,Graduate,1,1600.00,20000.00,239.00,360,1,Urban,0
LP002345,Male,1,0,Graduate,0,1025.00,2773.00,112.00,360,1,Rural,1
LP002347,Male,1,0,Graduate,0,3246.00,1417.00,138.00,360,1,Semiurban,1
LP002348,Male,1,0,Graduate,0,5829.00,0.00,138.00,360,1,Rural,1
LP002357,Female,0,0,Not Graduate,0,2720.00,0.00,80.00,180,0,Urban,0
LP002361,Male,1,0,Graduate,0,1820.00,1719.00,100.00,360,1,Urban,1
LP002362,Male,1,1,Graduate,0,7250.00,1667.00,110.00,90,0,Urban,0
LP002364,Male,1,0,Graduate,0,14880.00,0.00,96.00,360,1,Semiurban,1
LP002366,Male,1,0,Graduate,0,2666.00,4300.00,121.00,360,1,Rural,1
LP002367,Female,0,1,Not Graduate,0,4606.00,0.00,81.00,360,1,Rural,0
LP002368,Male,1,2,Graduate,0,5935.00,0.00,133.00,360,1,Semiurban,1
LP002369,Male,1,0,Graduate,0,2920.00,1690.00,87.00,360,1,Rural,1
LP002370,Male,0,0,Not Graduate,0,2717.00,0.00,60.00,180,1,Urban,1
LP002377,Female,0,1,Graduate,1,8624.00,0.00,150.00,360,1,Semiurban,1
LP002379,Male,0,0,Graduate,0,6500.00,0.00,105.00,360,0,Rural,0
LP002386,Male,0,0,Graduate,0,12876.00,0.00,405.00,360,1,Semiurban,1
LP002387,Male,1,0,Graduate,0,2425.00,2340.00,143.00,360,1,Semiurban,1
LP002390,Male,0,0,Graduate,0,3750.00,0.00,100.00,360,1,Urban,1
LP002393,Female,1,3,Graduate,0,10047.00,0.00,891.00,240,1,Semiurban,1
LP002398,Male,0,0,Graduate,0,1926.00,1851.00,50.00,360,1,Semiurban,1
LP002401,Male,1,0,Graduate,0,2213.00,1125.00,900.00,360,1,Urban,1
LP002403,Male,0,0,Graduate,1,10416.00,0.00,187.00,360,0,Urban,0
LP002407,Female,1,0,Not Graduate,1,7142.00,0.00,138.00,360,1,Rural,1
LP002408,Male,0,0,Graduate,0,3660.00,5064.00,187.00,360,1,Semiurban,1
LP002409,Male,1,0,Graduate,0,7901.00,1833.00,180.00,360,1,Rural,1
LP002418,Male,0,3,Not Graduate,0,4707.00,1993.00,148.00,360,1,Semiurban,1
LP002422,Male,0,1,Graduate,0,37719.00,0.00,152.00,360,1,Semiurban,1
LP002424,Male,1,0,Graduate,0,7333.00,8333.00,175.00,300,1,Rural,1
LP002429,Male,1,1,Graduate,1,3466.00,1210.00,130.00,360,1,Rural,1
LP002434,Male,1,2,Not Graduate,0,4652.00,0.00,110.00,360,1,Rural,1
LP002435,Male,1,0,Graduate,1,3539.00,1376.00,55.00,360,1,Rural,0
LP002443,Male,1,2,Graduate,0,3340.00,1710.00,150.00,360,0,Rural,0
LP002444,Male,0,1,Not Graduate,1,2769.00,1542.00,190.00,360,1,Semiurban,0
LP002446,Male,1,2,Not Graduate,0,2309.00,1255.00,125.00,360,0,Rural,0
LP002447,Male,1,2,Not Graduate,0,1958.00,1456.00,60.00,300,1,Urban,1
LP002448,Male,1,0,Graduate,0,3948.00,1733.00,149.00,360,0,Rural,0
LP002449,Male,1,0,Graduate,0,2483.00,2466.00,90.00,180,0,Rural,1
LP002453,Male,0,0,Graduate,1,7085.00,0.00,84.00,360,1,Semiurban,1
LP002455,Male,1,2,Graduate,0,3859.00,0.00,96.00,360,1,Semiurban,1
LP002459,Male,1,0,Graduate,0,4301.00,0.00,118.00,360,1,Urban,1
LP002467,Male,1,0,Graduate,0,3708.00,2569.00,173.00,360,1,Urban,0
LP002472,Male,0,2,Graduate,0,4354.00,0.00,136.00,360,1,Rural,1
LP002473,Male,1,0,Graduate,0,8334.00,0.00,160.00,360,1,Semiurban,0
LP002478,Female,1,0,Graduate,1,2083.00,4083.00,160.00,360,0,Semiurban,1
LP002484,Male,1,3,Graduate,0,7740.00,0.00,128.00,180,1,Urban,1
LP002487,Male,1,0,Graduate,0,3015.00,2188.00,153.00,360,1,Rural,1
LP002489,Female,0,1,Not Graduate,1,5191.00,0.00,132.00,360,1,Semiurban,1
LP002493,Male,0,0,Graduate,0,4166.00,0.00,98.00,360,0,Semiurban,0
LP002494,Male,0,0,Graduate,0,6000.00,0.00,140.00,360,1,Rural,1
LP002500,Male,1,3,Not Graduate,0,2947.00,1664.00,70.00,180,0,Urban,0
LP002501,Female,1,0,Graduate,0,16692.00,0.00,110.00,360,1,Semiurban,1
LP002502,Female,1,2,Not Graduate,1,210.00,2917.00,98.00,360,1,Semiurban,1
LP002505,Male,1,0,Graduate,0,4333.00,2451.00,110.00,360,1,Urban,0
LP002515,Male,1,1,Graduate,1,3450.00,2079.00,162.00,360,1,Semiurban,1
LP002517,Male,1,1,Not Graduate,0,2653.00,1500.00,113.00,180,0,Rural,0
LP002519,Male,1,3,Graduate,0,4691.00,0.00,100.00,360,1,Semiurban,1
LP002522,Female,0,0,Graduate,1,2500.00,0.00,93.00,360,1,Urban,1
LP002524,Male,0,2,Graduate,0,5532.00,4648.00,162.00,360,1,Rural,1
LP002527,Male,1,2,Graduate,1,16525.00,1014.00,150.00,360,1,Rural,1
LP002529,Male,1,2,Graduate,0,6700.00,1750.00,230.00,300,1,Semiurban,1
LP002530,Female,1,2,Graduate,0,2873.00,1872.00,132.00,360,0,Semiurban,0
LP002531,Male,1,1,Graduate,1,16667.00,2250.00,86.00,360,1,Semiurban,1
LP002533,Male,1,2,Graduate,0,2947.00,1603.00,900.00,360,1,Urban,0
LP002534,Female,0,0,Not Graduate,0,4350.00,0.00,154.00,360,1,Rural,1
LP002536,Male,1,3,Not Graduate,0,3095.00,0.00,113.00,360,1,Rural,1
LP002537,Male,1,0,Graduate,0,2083.00,3150.00,128.00,360,1,Semiurban,1
LP002541,Male,1,0,Graduate,0,10833.00,0.00,234.00,360,1,Semiurban,1
LP002543,Male,1,2,Graduate,0,8333.00,0.00,246.00,360,1,Semiurban,1
LP002544,Male,1,1,Not Graduate,0,1958.00,2436.00,131.00,360,1,Rural,1
LP002545,Male,0,2,Graduate,0,3547.00,0.00,80.00,360,0,Rural,0
LP002547,Male,1,1,Graduate,0,18333.00,0.00,500.00,360,1,Urban,0
LP002555,Male,1,2,Graduate,1,4583.00,2083.00,160.00,360,1,Semiurban,1
LP002556,Male,0,0,Graduate,0,2435.00,0.00,75.00,360,1,Urban,0
LP002560,Male,0,0,Not Graduate,0,2699.00,2785.00,960.00,360,1,Semiurban,1
LP002562,Male,1,1,Not Graduate,0,5333.00,1131.00,186.00,360,0,Urban,1
LP002571,Male,0,0,Not Graduate,0,3691.00,0.00,110.00,360,1,Rural,1
LP002582,Female,0,0,Not Graduate,1,17263.00,0.00,225.00,360,1,Semiurban,1
LP002585,Male,1,0,Graduate,0,3597.00,2157.00,119.00,360,0,Rural,0
LP002586,Female,1,1,Graduate,0,3326.00,913.00,105.00,84,1,Semiurban,1
LP002587,Male,1,0,Not Graduate,0,2600.00,1700.00,107.00,360,1,Rural,1
LP002588,Male,1,0,Graduate,0,4625.00,2857.00,111.00,12,0,Urban,1
LP002600,Male,1,1,Graduate,1,2895.00,0.00,95.00,360,1,Semiurban,1
LP002602,Male,0,0,Graduate,0,6283.00,4416.00,209.00,360,0,Rural,0
LP002603,Female,0,0,Graduate,0,645.00,3683.00,113.00,480,1,Rural,1
LP002606,Female,0,0,Graduate,0,3159.00,0.00,100.00,360,1,Semiurban,1
LP002615,Male,1,2,Graduate,0,4865.00,5624.00,208.00,360,1,Semiurban,1
LP002618,Male,1,1,Not Graduate,0,4050.00,5302.00,138.00,360,1,Rural,0
LP002619,Male,1,0,Not Graduate,0,3814.00,1483.00,124.00,300,1,Semiurban,1
LP002622,Male,1,2,Graduate,0,3510.00,4416.00,243.00,360,1,Rural,1
LP002624,Male,1,0,Graduate,0,20833.00,6667.00,480.00,360,0,Urban,1
LP002625,Female,0,0,Graduate,0,3583.00,0.00,96.00,360,1,Urban,0
LP002626,Male,1,0,Graduate,1,2479.00,3013.00,188.00,360,1,Urban,1
LP002634,Female,0,1,Graduate,0,13262.00,0.00,40.00,360,1,Urban,1
LP002637,Male,0,0,Not Graduate,0,3598.00,1287.00,100.00,360,1,Rural,0
LP002640,Male,1,1,Graduate,0,6065.00,2004.00,250.00,360,1,Semiurban,1
LP002643,Male,1,2,Graduate,0,3283.00,2035.00,148.00,360,1,Urban,1
LP002648,Male,1,0,Graduate,0,2130.00,6666.00,70.00,180,1,Semiurban,0
LP002652,Male,0,0,Graduate,0,5815.00,3666.00,311.00,360,1,Rural,0
LP002659,Male,1,3,Graduate,0,3466.00,3428.00,150.00,360,1,Rural,1
LP002670,Female,1,2,Graduate,0,2031.00,1632.00,113.00,480,1,Semiurban,1
LP002682,Male,1,3,Not Graduate,0,3074.00,1800.00,123.00,360,0,Semiurban,0
LP002683,Male,0,0,Graduate,0,4683.00,1915.00,185.00,360,1,Semiurban,0
LP002684,Female,0,0,Not Graduate,0,3400.00,0.00,95.00,360,1,Rural,0
LP002689,Male,1,2,Not Graduate,0,2192.00,1742.00,45.00,360,1,Semiurban,1
LP002690,Male,0,0,Graduate,0,2500.00,0.00,55.00,360,1,Semiurban,1
LP002692,Male,1,3,Graduate,1,5677.00,1424.00,100.00,360,1,Rural,1
LP002693,Male,1,2,Graduate,1,7948.00,7166.00,480.00,360,1,Rural,1
LP002697,Male,0,0,Graduate,0,4680.00,2087.00,900.00,360,1,Semiurban,0
LP002699,Male,1,2,Graduate,1,17500.00,0.00,400.00,360,1,Rural,1
LP002705,Male,1,0,Graduate,0,3775.00,0.00,110.00,360,1,Semiurban,1
LP002706,Male,1,1,Not Graduate,0,5285.00,1430.00,161.00,360,0,Semiurban,1
LP002714,Male,0,1,Not Graduate,0,2679.00,1302.00,94.00,360,1,Semiurban,1
LP002716,Male,0,0,Not Graduate,0,6783.00,0.00,130.00,360,1,Semiurban,1
LP002717,Male,1,0,Graduate,0,1025.00,5500.00,216.00,360,1,Rural,1
LP002720,Male,1,3,Graduate,0,4281.00,0.00,100.00,360,1,Urban,1
LP002723,Male,0,2,Graduate,0,3588.00,0.00,110.00,360,0,Rural,0
LP002729,Male,0,1,Graduate,0,11250.00,0.00,196.00,360,1,Semiurban,0
LP002731,Female,0,0,Not Graduate,1,18165.00,0.00,125.00,360,1,Urban,1
LP002732,Male,0,0,Not Graduate,1,2550.00,2042.00,126.00,360,1,Rural,1
LP002734,Male,1,0,Graduate,0,6133.00,3906.00,324.00,360,1,Urban,1
LP002738,Male,0,2,Graduate,0,3617.00,0.00,107.00,360,1,Semiurban,1
LP002739,Male,1,0,Not Graduate,0,2917.00,536.00,66.00,360,1,Rural,0
LP002740,Male,1,3,Graduate,0,6417.00,0.00,157.00,180,1,Rural,1
LP002741,Female,1,1,Graduate,0,4608.00,2845.00,140.00,180,1,Semiurban,1
LP002743,Female,0,0,Graduate,0,2138.00,0.00,99.00,360,0,Semiurban,0
LP002753,Female,0,1,Graduate,1,3652.00,0.00,95.00,360,1,Semiurban,1
LP002755,Male,1,1,Not Graduate,0,2239.00,2524.00,128.00,360,1,Urban,1
LP002757,Female,1,0,Not Graduate,0,3017.00,663.00,102.00,360,1,Semiurban,1
LP002767,Male,1,0,Graduate,0,2768.00,1950.00,155.00,360,1,Rural,1
LP002768,Male,0,0,Not Graduate,0,3358.00,0.00,80.00,36,1,Semiurban,0
LP002772,Male,0,0,Graduate,0,2526.00,1783.00,145.00,360,1,Rural,1
LP002776,Female,0,0,Graduate,0,5000.00,0.00,103.00,360,0,Semiurban,0
LP002777,Male,1,0,Graduate,0,2785.00,2016.00,110.00,360,1,Rural,1
LP002778,Male,1,2,Graduate,1,6633.00,0.00,678.00,360,0,Rural,0
LP002784,Male,1,1,Not Graduate,0,2492.00,2375.00,500.00,360,1,Rural,1
LP002785,Male,1,1,Graduate,0,3333.00,3250.00,158.00,360,1,Urban,1
LP002788,Male,1,0,Not Graduate,0,2454.00,2333.00,181.00,360,0,Urban,0
LP002789,Male,1,0,Graduate,0,3593.00,4266.00,132.00,180,0,Rural,0
LP002792,Male,1,1,Graduate,0,5468.00,1032.00,26.00,360,1,Semiurban,1
LP002794,Female,0,0,Graduate,0,2667.00,1625.00,84.00,360,1,Urban,1
LP002795,Male,1,3,Graduate,1,10139.00,0.00,260.00,360,1,Semiurban,1
LP002798,Male,1,0,Graduate,0,3887.00,2669.00,162.00,360,1,Semiurban,1
LP002804,Female,1,0,Graduate,0,4180.00,2306.00,182.00,360,1,Semiurban,1
LP002807,Male,1,2,Not Graduate,0,3675.00,242.00,108.00,360,1,Semiurban,1
LP002813,Female,1,1,Graduate,1,19484.00,0.00,600.00,360,1,Semiurban,1
LP002820,Male,1,0,Graduate,0,5923.00,2054.00,211.00,360,1,Rural,1
LP002821,Male,0,0,Not Graduate,1,5800.00,0.00,132.00,360,1,Semiurban,1
LP002832,Male,1,2,Graduate,0,8799.00,0.00,258.00,360,0,Urban,0
LP002833,Male,1,0,Not Graduate,0,4467.00,0.00,120.00,360,1,Rural,1
LP002836,Male,0,0,Graduate,0,3333.00,0.00,70.00,360,1,Urban,1
LP002837,Male,1,3,Graduate,0,3400.00,2500.00,123.00,360,0,Rural,0
LP002840,Female,0,0,Graduate,0,2378.00,0.00,9.00,360,1,Urban,0
LP002841,Male,1,0,Graduate,0,3166.00,2064.00,104.00,360,0,Urban,0
LP002842,Male,1,1,Graduate,0,3417.00,1750.00,186.00,360,1,Urban,1
LP002847,Male,1,1,Graduate,0,5116.00,1451.00,165.00,360,0,Urban,0
LP002855,Male,1,2,Graduate,0,16666.00,0.00,275.00,360,1,Urban,1
LP002862,Male,1,2,Not Graduate,0,6125.00,1625.00,187.00,480,1,Semiurban,0
LP002863,Male,1,3,Graduate,0,6406.00,0.00,150.00,360,1,Semiurban,0
LP002868,Male,1,2,Graduate,0,3159.00,461.00,108.00,84,1,Urban,1
LP002872,Female,1,0,Graduate,0,3087.00,2210.00,136.00,360,0,Semiurban,0
LP002874,Male,0,0,Graduate,0,3229.00,2739.00,110.00,360,1,Urban,1
LP002877,Male,1,1,Graduate,0,1782.00,2232.00,107.00,360,1,Rural,1
LP002888,Male,0,0,Graduate,1,3182.00,2917.00,161.00,360,1,Urban,1
LP002892,Male,1,2,Graduate,0,6540.00,0.00,205.00,360,1,Semiurban,1
LP002893,Male,0,0,Graduate,0,1836.00,33837.00,90.00,360,1,Urban,0
LP002894,Female,1,0,Graduate,0,3166.00,0.00,36.00,360,1,Semiurban,1
LP002898,Male,1,1,Graduate,0,1880.00,0.00,61.00,360,1,Rural,0
LP002911,Male,1,1,Graduate,0,2787.00,1917.00,146.00,360,0,Rural,0
LP002912,Male,1,1,Graduate,0,4283.00,3000.00,172.00,84,1,Rural,0
LP002916,Male,1,0,Graduate,0,2297.00,1522.00,104.00,360,1,Urban,1
LP002917,Female,0,0,Not Graduate,0,2165.00,0.00,70.00,360,1,Semiurban,1
LP002925,Female,0,0,Graduate,0,4750.00,0.00,94.00,360,1,Semiurban,1
LP002926,Male,1,2,Graduate,1,2726.00,0.00,106.00,360,0,Semiurban,0
LP002928,Male,1,0,Graduate,0,3000.00,3416.00,56.00,180,1,Semiurban,1
LP002931,Male,1,2,Graduate,1,6000.00,0.00,205.00,240,1,Semiurban,0
LP002933,Female,0,3,Graduate,1,9357.00,0.00,292.00,360,1,Semiurban,1
LP002936,Male,1,0,Graduate,0,3859.00,3300.00,142.00,180,1,Rural,1
LP002938,Male,1,0,Graduate,1,16120.00,0.00,260.00,360,1,Urban,1
LP002940,Male,0,0,Not Graduate,0,3833.00,0.00,110.00,360,1,Rural,1
LP002941,Male,1,2,Not Graduate,1,6383.00,1000.00,187.00,360,1,Rural,0
LP002943,Male,0,3,Graduate,0,2987.00,0.00,88.00,360,0,Semiurban,0
LP002945,Male,1,0,Graduate,1,9963.00,0.00,180.00,360,1,Rural,1
LP002948,Male,1,2,Graduate,0,5780.00,0.00,192.00,360,1,Urban,1
LP002949,Female,0,3,Graduate,1,416.00,41667.00,350.00,180,1,Urban,0
LP002950,Male,1,0,Not Graduate,0,2894.00,2792.00,155.00,360,1,Rural,1
LP002953,Male,1,3,Graduate,0,5703.00,0.00,128.00,360,1,Urban,1
LP002958,Male,0,0,Graduate,0,3676.00,4301.00,172.00,360,1,Rural,1
LP002959,Female,1,1,Graduate,0,12000.00,0.00,496.00,360,1,Semiurban,1
LP002960,Male,1,0,Not Graduate,0,2400.00,3800.00,879.00,180,1,Urban,0
LP002961,Male,1,1,Graduate,0,3400.00,2500.00,173.00,360,1,Semiurban,1
LP002964,Male,1,2,Not Graduate,0,3987.00,1411.00,157.00,360,1,Rural,1
LP002974,Male,1,0,Graduate,0,3232.00,1950.00,108.00,360,1,Rural,1
LP002978,Female,0,0,Graduate,0,2900.00,0.00,71.00,360,1,Rural,1
LP002979,Male,1,3,Graduate,0,4106.00,0.00,40.00,180,1,Rural,1
LP002983,Male,1,1,Graduate,0,8072.00,240.00,253.00,360,1,Urban,1
LP002984,Male,1,2,Graduate,0,7583.00,0.00,187.00,360,1,Urban,1
LP002990,Female,0,0,Graduate,1,4583.00,0.00,133.00,360,0,Semiurban,0
